;;a;c;g;t;a;c;t;g;a;a;c;g;t;a;c;t;g;a;c;g;c;g;t;a;a;c;t;g;t;a;a;c;t;g;g;;35 celdas
;10;10;10;10;10;10;10;10;10;10;10;12;14;16;18;20;22;24;26;28;30;32;34;36;38;40;42;44;46;48;50;52;54;56;58;60;;
c;12;-;·;·;·;·;·;·;·;·;·;·;;;;;;;;;;;;;;;;;;;;;;;;;;Cost = Minimum Cost to cell + Best possible cost from cell to end
g;14;-;-;·;·;·;·;·;·;·;·;·;·;;;;;;;;;;;;;;;;;;;;;;;;;
a;16;-;-;-;-;·;·;·;·;·;·;·;·;·;;;;;;;;;;;;;;;;;;;;;;;;
c;18;-;-;-;-;-;·;·;·;·;·;·;·;·;·;;;;;;;;;;;;;;;;;;;;;;;
t;20;-;-;-;-;-;-;·;·;·;·;·;·;·;·;·;;;;;;;;;;;;;;;;;;;;;;
g;22;-;-;-;-;-;-;-;·;·;·;·;·;·;·;·;·;;;;;;;;;;;;;;;;;;;;;
a;24;;;;;-;-;-;;·;·;·;·;·;·;·;·;·;;;;;;;;;;;;;;;;;;;;
c;26;;;;;;-;-;-;-;-;·;·;·;·;·;·;·;·;;;;;;;;;;;;;;;;;;;
c;28;;;;;;;;;;;-;-;-;-;·;·;·;·;·;;;;;;;;;;;;;;;;;;
c;30;;;;;;;;;;;;;;;-;-;-;-;·;·;;;;;;;;;;;;;;;;;
t;32;;;;;;;;;;;;;;;;-;-;-;-;-;-;;;;;;;;;;;;;;;;
g;34;;;;;;;;;;;;;;;;;-;-;-;-;-;-;;;;;;;;;;;;;;;
a;36;;;;;;;;;;;;;;;;;;-;-;-;-;-;-;;;;;;;;;;;;;;
c;38;;;;;;;;;;;;;;;;;;;-;-;-;-;-;-;;;;;;;;;;;;;
t;40;;;;;;;;;;;;;;;;;;;;;;;-;-;-;;;;;;;;;;;;
g;42;;;;;;;;;;;;;;;;;;;;;;;;;;;;;;;;;;;;;
a;44;;;;;;;;;;;;;;;;;;;;;;;;;;;;;;;;;;;;;
c;46;;;;;;;;;;;;;;;;;;;;;;;;;;;;;;;;;;;;;
t;48;;;;;;;;;;;;;;;;;;;;;;;;;;;;;;;;;;;;;
a;50;;;;;;;;;;;;;;;;;;;;;;;;;;;;;;;;;;;;;
t;52;;;;;;;;;;;;;;;;;;;;;;;;;;;;;;;;;;;;;
g;54;;;;;;;;;;;;;;;;;;;;;;;;;;;;;;;;;;;;;
g;56;;;;;;;;;;;;;;;;;;;;;;;;;;;;;;;;;;;;;
a;58;;;;;;;;;;;;;;;;;;;;;;;;;;;;;;;;;;;;;
a;60;;;;;;;;;;;;;;;;;;;;;;;;;;;;;;;;;;;;;
25 celdas;;;;;LEFT: 10-Cost bounding path;;;;;;;;;;·;Cell does not need to be evaluated (has fixed total cost=10);;;;;;;;;;;;;;;;;;;;;;
;;;;;LEFT: 22-Cost bounding path;;;;;;;;;;-;Cell has cost betwen 10 and 22;;;;;;;;;;;;;;;;;;;;;;
;;How: find successive matches on horizontal text while traversing vertical text from top to bottom, until reaching central diagonal;;;;;;;;;;;;;;;;;;;;;;;;;;;;;;;;;;;;
;;;;;;;;;;;;;;;;;;;;;;;;;;;;;;;;;;;;;;
;;;;;;;;;;;;;;;;;;;;;;;;;;;;;;;;;;;;;;
